{
	"credit": "Made with Blockbench",
	"texture_size": [64, 64],
	"textures": {
		"0": "brewing_stand",
		"particle": "brewing_stand"
	},
	"elements": [
		{
			"from": [12.75, 3, 13.25],
			"to": [14.75, 4, 13.75],
			"faces": {
				"north": {"uv": [0, 0, 0.5, 0.25], "texture": "#0"},
				"east": {"uv": [0, 0, 0.125, 0.25], "texture": "#0"},
				"south": {"uv": [0, 0, 0.5, 0.25], "texture": "#0"},
				"west": {"uv": [0, 0, 0.125, 0.25], "texture": "#0"},
				"up": {"uv": [0, 0, 0.5, 0.125], "texture": "#0"},
				"down": {"uv": [0, 0, 0.5, 0.125], "texture": "#0"}
			}
		},
		{
			"from": [12.75, 2, 13.5],
			"to": [14.75, 3, 13.75],
			"faces": {
				"north": {"uv": [0, 0, 0.5, 0.25], "texture": "#0"},
				"east": {"uv": [0, 0, 0.0625, 0.25], "texture": "#0"},
				"south": {"uv": [0, 0, 0.5, 0.25], "texture": "#0"},
				"west": {"uv": [0, 0, 0.0625, 0.25], "texture": "#0"},
				"up": {"uv": [0, 0, 0.5, 0.0625], "texture": "#0"},
				"down": {"uv": [0, 0, 0.5, 0.0625], "texture": "#0"}
			}
		},
		{
			"from": [12.75, 2, 15.75],
			"to": [14.75, 3, 16],
			"faces": {
				"north": {"uv": [0, 0, 0.5, 0.25], "texture": "#0"},
				"east": {"uv": [0, 0, 0.0625, 0.25], "texture": "#0"},
				"south": {"uv": [0, 0, 0.5, 0.25], "texture": "#0"},
				"west": {"uv": [0, 0, 0.0625, 0.25], "texture": "#0"},
				"up": {"uv": [0, 0, 0.5, 0.0625], "texture": "#0"},
				"down": {"uv": [0, 0, 0.5, 0.0625], "texture": "#0"}
			}
		},
		{
			"from": [12.5, 2, 13.75],
			"to": [12.75, 3, 15.75],
			"faces": {
				"north": {"uv": [0, 0, 0.0625, 0.25], "texture": "#0"},
				"east": {"uv": [0, 0, 0.5, 0.25], "texture": "#0"},
				"south": {"uv": [0, 0, 0.0625, 0.25], "texture": "#0"},
				"west": {"uv": [0, 0, 0.5, 0.25], "texture": "#0"},
				"up": {"uv": [0, 0, 0.0625, 0.5], "texture": "#0"},
				"down": {"uv": [0, 0, 0.0625, 0.5], "texture": "#0"}
			}
		},
		{
			"from": [14.75, 2, 13.75],
			"to": [15, 3, 15.75],
			"faces": {
				"north": {"uv": [0, 0, 0.0625, 0.25], "texture": "#0"},
				"east": {"uv": [0, 0, 0.5, 0.25], "texture": "#0"},
				"south": {"uv": [0, 0, 0.0625, 0.25], "texture": "#0"},
				"west": {"uv": [0, 0, 0.5, 0.25], "texture": "#0"},
				"up": {"uv": [0, 0, 0.0625, 0.5], "texture": "#0"},
				"down": {"uv": [0, 0, 0.0625, 0.5], "texture": "#0"}
			}
		},
		{
			"from": [14.75, 3, 13.75],
			"to": [15.25, 4, 15.75],
			"faces": {
				"north": {"uv": [0, 0, 0.125, 0.25], "texture": "#0"},
				"east": {"uv": [0, 0, 0.5, 0.25], "texture": "#0"},
				"south": {"uv": [0, 0, 0.125, 0.25], "texture": "#0"},
				"west": {"uv": [0, 0, 0.5, 0.25], "texture": "#0"},
				"up": {"uv": [0, 0, 0.125, 0.5], "texture": "#0"},
				"down": {"uv": [0, 0, 0.125, 0.5], "texture": "#0"}
			}
		},
		{
			"from": [12.25, 3, 13.75],
			"to": [12.75, 4, 15.75],
			"faces": {
				"north": {"uv": [0, 0, 0.125, 0.25], "texture": "#0"},
				"east": {"uv": [0, 0, 0.5, 0.25], "texture": "#0"},
				"south": {"uv": [0, 0, 0.125, 0.25], "texture": "#0"},
				"west": {"uv": [0, 0, 0.5, 0.25], "texture": "#0"},
				"up": {"uv": [0, 0, 0.125, 0.5], "texture": "#0"},
				"down": {"uv": [0, 0, 0.125, 0.5], "texture": "#0"}
			}
		},
		{
			"from": [12, 4, 13.75],
			"to": [12.75, 6, 15.75],
			"faces": {
				"north": {"uv": [0, 0, 0.1875, 0.5], "texture": "#0"},
				"east": {"uv": [0, 0, 0.5, 0.5], "texture": "#0"},
				"south": {"uv": [0, 0, 0.1875, 0.5], "texture": "#0"},
				"west": {"uv": [0, 0, 0.5, 0.5], "texture": "#0"},
				"up": {"uv": [0, 0, 0.1875, 0.5], "texture": "#0"},
				"down": {"uv": [0, 0, 0.1875, 0.5], "texture": "#0"}
			}
		},
		{
			"from": [14.75, 4, 13.75],
			"to": [15.5, 6, 15.75],
			"faces": {
				"north": {"uv": [0, 0, 0.1875, 0.5], "texture": "#0"},
				"east": {"uv": [0, 0, 0.5, 0.5], "texture": "#0"},
				"south": {"uv": [0, 0, 0.1875, 0.5], "texture": "#0"},
				"west": {"uv": [0, 0, 0.5, 0.5], "texture": "#0"},
				"up": {"uv": [0, 0, 0.1875, 0.5], "texture": "#0"},
				"down": {"uv": [0, 0, 0.1875, 0.5], "texture": "#0"}
			}
		},
		{
			"from": [12.75, 4, 13],
			"to": [14.75, 6, 13.75],
			"faces": {
				"north": {"uv": [0, 0, 0.5, 0.5], "texture": "#0"},
				"east": {"uv": [0, 0, 0.1875, 0.5], "texture": "#0"},
				"south": {"uv": [0, 0, 0.5, 0.5], "texture": "#0"},
				"west": {"uv": [0, 0, 0.1875, 0.5], "texture": "#0"},
				"up": {"uv": [0, 0, 0.1875, 0.5], "rotation": 270, "texture": "#0"},
				"down": {"uv": [0, 0, 0.1875, 0.5], "rotation": 90, "texture": "#0"}
			}
		},
		{
			"from": [12.75, 4, 15.75],
			"to": [14.75, 6, 16.5],
			"faces": {
				"north": {"uv": [0, 0, 0.5, 0.5], "texture": "#0"},
				"east": {"uv": [0, 0, 0.1875, 0.5], "texture": "#0"},
				"south": {"uv": [0, 0, 0.5, 0.5], "texture": "#0"},
				"west": {"uv": [0, 0, 0.1875, 0.5], "texture": "#0"},
				"up": {"uv": [0, 0, 0.1875, 0.5], "rotation": 270, "texture": "#0"},
				"down": {"uv": [0, 0, 0.1875, 0.5], "rotation": 90, "texture": "#0"}
			}
		},
		{
			"from": [12.75, 3, 15.75],
			"to": [14.75, 4, 16.25],
			"faces": {
				"north": {"uv": [0, 0, 0.5, 0.25], "texture": "#0"},
				"east": {"uv": [0, 0, 0.125, 0.25], "texture": "#0"},
				"south": {"uv": [0, 0, 0.5, 0.25], "texture": "#0"},
				"west": {"uv": [0, 0, 0.125, 0.25], "texture": "#0"},
				"up": {"uv": [0, 0, 0.5, 0.125], "texture": "#0"},
				"down": {"uv": [0, 0, 0.5, 0.125], "texture": "#0"}
			}
		},
		{
			"from": [12.75, 2.25, 13.75],
			"to": [14.75, 2.25, 15.75],
			"faces": {
				"north": {"uv": [0, 0, 0.5, 0], "texture": "#0"},
				"east": {"uv": [0, 0, 0.5, 0], "texture": "#0"},
				"south": {"uv": [0, 0, 0.5, 0], "texture": "#0"},
				"west": {"uv": [0, 0, 0.5, 0], "texture": "#0"},
				"up": {"uv": [0, 0, 0.5, 0.5], "texture": "#0"},
				"down": {"uv": [0, 0, 0.5, 0.5], "texture": "#0"}
			}
		}
	],
	"display": {
		"thirdperson_righthand": {
			"translation": [0, 21, 0]
		},
		"head": {
			"translation": [0, 50.5, -80],
			"scale": [4, 4, 4]
		},
		"fixed": {
			"translation": [0, 0, -18.5]
		}
	},
	"groups": [
		{
			"name": "tea_cup_1",
			"origin": [0, 0, 0],
			"color": 0,
			"children": [0, 1, 2, 3, 4, 5, 6, 7, 8, 9, 10, 11, 12]
		}
	]
}