{
	"credit": "Made with Blockbench",
	"texture_size": [64, 64],
	"textures": {
		"0": "brewing_stand",
		"particle": "brewing_stand"
	},
	"elements": [
		{
			"from": [12.25, 1, 8.25],
			"to": [14.25, 2, 8.75],
			"faces": {
				"north": {"uv": [0, 0, 0.5, 0.25], "texture": "#0"},
				"east": {"uv": [0, 0, 0.125, 0.25], "texture": "#0"},
				"south": {"uv": [0, 0, 0.5, 0.25], "texture": "#0"},
				"west": {"uv": [0, 0, 0.125, 0.25], "texture": "#0"},
				"up": {"uv": [0, 0, 0.5, 0.125], "texture": "#0"},
				"down": {"uv": [0, 0, 0.5, 0.125], "texture": "#0"}
			}
		},
		{
			"from": [12.25, 0, 8.5],
			"to": [14.25, 1, 8.75],
			"faces": {
				"north": {"uv": [0, 0, 0.5, 0.25], "texture": "#0"},
				"east": {"uv": [0, 0, 0.0625, 0.25], "texture": "#0"},
				"south": {"uv": [0, 0, 0.5, 0.25], "texture": "#0"},
				"west": {"uv": [0, 0, 0.0625, 0.25], "texture": "#0"},
				"up": {"uv": [0, 0, 0.5, 0.0625], "texture": "#0"},
				"down": {"uv": [0, 0, 0.5, 0.0625], "texture": "#0"}
			}
		},
		{
			"from": [12.25, 0, 10.75],
			"to": [14.25, 1, 11],
			"faces": {
				"north": {"uv": [0, 0, 0.5, 0.25], "texture": "#0"},
				"east": {"uv": [0, 0, 0.0625, 0.25], "texture": "#0"},
				"south": {"uv": [0, 0, 0.5, 0.25], "texture": "#0"},
				"west": {"uv": [0, 0, 0.0625, 0.25], "texture": "#0"},
				"up": {"uv": [0, 0, 0.5, 0.0625], "texture": "#0"},
				"down": {"uv": [0, 0, 0.5, 0.0625], "texture": "#0"}
			}
		},
		{
			"from": [12, 0, 8.75],
			"to": [12.25, 1, 10.75],
			"faces": {
				"north": {"uv": [0, 0, 0.0625, 0.25], "texture": "#0"},
				"east": {"uv": [0, 0, 0.5, 0.25], "texture": "#0"},
				"south": {"uv": [0, 0, 0.0625, 0.25], "texture": "#0"},
				"west": {"uv": [0, 0, 0.5, 0.25], "texture": "#0"},
				"up": {"uv": [0, 0, 0.0625, 0.5], "texture": "#0"},
				"down": {"uv": [0, 0, 0.0625, 0.5], "texture": "#0"}
			}
		},
		{
			"from": [14.25, 0, 8.75],
			"to": [14.5, 1, 10.75],
			"faces": {
				"north": {"uv": [0, 0, 0.0625, 0.25], "texture": "#0"},
				"east": {"uv": [0, 0, 0.5, 0.25], "texture": "#0"},
				"south": {"uv": [0, 0, 0.0625, 0.25], "texture": "#0"},
				"west": {"uv": [0, 0, 0.5, 0.25], "texture": "#0"},
				"up": {"uv": [0, 0, 0.0625, 0.5], "texture": "#0"},
				"down": {"uv": [0, 0, 0.0625, 0.5], "texture": "#0"}
			}
		},
		{
			"from": [14.25, 1, 8.75],
			"to": [14.75, 2, 10.75],
			"faces": {
				"north": {"uv": [0, 0, 0.125, 0.25], "texture": "#0"},
				"east": {"uv": [0, 0, 0.5, 0.25], "texture": "#0"},
				"south": {"uv": [0, 0, 0.125, 0.25], "texture": "#0"},
				"west": {"uv": [0, 0, 0.5, 0.25], "texture": "#0"},
				"up": {"uv": [0, 0, 0.125, 0.5], "texture": "#0"},
				"down": {"uv": [0, 0, 0.125, 0.5], "texture": "#0"}
			}
		},
		{
			"from": [11.75, 1, 8.75],
			"to": [12.25, 2, 10.75],
			"faces": {
				"north": {"uv": [0, 0, 0.125, 0.25], "texture": "#0"},
				"east": {"uv": [0, 0, 0.5, 0.25], "texture": "#0"},
				"south": {"uv": [0, 0, 0.125, 0.25], "texture": "#0"},
				"west": {"uv": [0, 0, 0.5, 0.25], "texture": "#0"},
				"up": {"uv": [0, 0, 0.125, 0.5], "texture": "#0"},
				"down": {"uv": [0, 0, 0.125, 0.5], "texture": "#0"}
			}
		},
		{
			"from": [11.5, 2, 8.75],
			"to": [12.25, 4, 10.75],
			"faces": {
				"north": {"uv": [0, 0, 0.1875, 0.5], "texture": "#0"},
				"east": {"uv": [0, 0, 0.5, 0.5], "texture": "#0"},
				"south": {"uv": [0, 0, 0.1875, 0.5], "texture": "#0"},
				"west": {"uv": [0, 0, 0.5, 0.5], "texture": "#0"},
				"up": {"uv": [0, 0, 0.1875, 0.5], "texture": "#0"},
				"down": {"uv": [0, 0, 0.1875, 0.5], "texture": "#0"}
			}
		},
		{
			"from": [14.25, 2, 8.75],
			"to": [15, 4, 10.75],
			"faces": {
				"north": {"uv": [0, 0, 0.1875, 0.5], "texture": "#0"},
				"east": {"uv": [0, 0, 0.5, 0.5], "texture": "#0"},
				"south": {"uv": [0, 0, 0.1875, 0.5], "texture": "#0"},
				"west": {"uv": [0, 0, 0.5, 0.5], "texture": "#0"},
				"up": {"uv": [0, 0, 0.1875, 0.5], "texture": "#0"},
				"down": {"uv": [0, 0, 0.1875, 0.5], "texture": "#0"}
			}
		},
		{
			"from": [12.25, 2, 8],
			"to": [14.25, 4, 8.75],
			"faces": {
				"north": {"uv": [0, 0, 0.5, 0.5], "texture": "#0"},
				"east": {"uv": [0, 0, 0.1875, 0.5], "texture": "#0"},
				"south": {"uv": [0, 0, 0.5, 0.5], "texture": "#0"},
				"west": {"uv": [0, 0, 0.1875, 0.5], "texture": "#0"},
				"up": {"uv": [0, 0, 0.1875, 0.5], "rotation": 270, "texture": "#0"},
				"down": {"uv": [0, 0, 0.1875, 0.5], "rotation": 90, "texture": "#0"}
			}
		},
		{
			"from": [12.25, 2, 10.75],
			"to": [14.25, 4, 11.5],
			"faces": {
				"north": {"uv": [0, 0, 0.5, 0.5], "texture": "#0"},
				"east": {"uv": [0, 0, 0.1875, 0.5], "texture": "#0"},
				"south": {"uv": [0, 0, 0.5, 0.5], "texture": "#0"},
				"west": {"uv": [0, 0, 0.1875, 0.5], "texture": "#0"},
				"up": {"uv": [0, 0, 0.1875, 0.5], "rotation": 270, "texture": "#0"},
				"down": {"uv": [0, 0, 0.1875, 0.5], "rotation": 90, "texture": "#0"}
			}
		},
		{
			"from": [12.25, 1, 10.75],
			"to": [14.25, 2, 11.25],
			"faces": {
				"north": {"uv": [0, 0, 0.5, 0.25], "texture": "#0"},
				"east": {"uv": [0, 0, 0.125, 0.25], "texture": "#0"},
				"south": {"uv": [0, 0, 0.5, 0.25], "texture": "#0"},
				"west": {"uv": [0, 0, 0.125, 0.25], "texture": "#0"},
				"up": {"uv": [0, 0, 0.5, 0.125], "texture": "#0"},
				"down": {"uv": [0, 0, 0.5, 0.125], "texture": "#0"}
			}
		},
		{
			"from": [12.25, 0.25, 8.75],
			"to": [14.25, 0.25, 10.75],
			"faces": {
				"north": {"uv": [0, 0, 0.5, 0], "texture": "#0"},
				"east": {"uv": [0, 0, 0.5, 0], "texture": "#0"},
				"south": {"uv": [0, 0, 0.5, 0], "texture": "#0"},
				"west": {"uv": [0, 0, 0.5, 0], "texture": "#0"},
				"up": {"uv": [0, 0, 0.5, 0.5], "texture": "#0"},
				"down": {"uv": [0, 0, 0.5, 0.5], "texture": "#0"}
			}
		},
		{
			"from": [12.25, 2, 8.75],
			"to": [14.25, 3.75, 10.75],
			"faces": {
				"north": {"uv": [0, 0, 0.5, 0.4375], "texture": "#0"},
				"east": {"uv": [0, 0, 0.5, 0.4375], "texture": "#0"},
				"south": {"uv": [0, 0, 0.5, 0.4375], "texture": "#0"},
				"west": {"uv": [0, 0, 0.5, 0.4375], "texture": "#0"},
				"up": {"uv": [14, 3, 14.5, 3.5], "texture": "#0"},
				"down": {"uv": [0, 0, 0.5, 0.5], "texture": "#0"}
			}
		}
	],
	"display": {
		"thirdperson_righthand": {
			"translation": [0, 21, 0]
		},
		"head": {
			"translation": [0, 50.5, -80],
			"scale": [4, 4, 4]
		},
		"fixed": {
			"translation": [0, 0, -18.5]
		}
	},
	"groups": [
		{
			"name": "tea_cup_2",
			"origin": [0, 0, 0],
			"color": 0,
			"children": [0, 1, 2, 3, 4, 5, 6, 7, 8, 9, 10, 11, 12, 13]
		}
	]
}